{"cameraMode":{"drawMode":0,"name":"Shaded","section":"Shading Mode"},"sceneLighting":false,"audioPlay":false,"sceneViewState":{"m_AlwaysRefresh":true,"showFog":true,"showSkybox":false,"showFlares":true,"showImageEffects":true,"showParticleSystems":true,"showVisualEffectGraphs":true,"m_FxEnabled":true},"in2DMode":false,"pivot":{"x":-0.2706834673881531,"y":-0.447126567363739,"z":-0.02395045757293701},"rotation":{"x":0.09523250162601471,"y":0.020902974531054498,"z":-0.0020001959055662157,"w":0.9952341318130493},"size":3.3048641681671144,"orthographic":false}