{"cameraMode":{"drawMode":0,"name":"Shaded","section":"Shading Mode"},"sceneLighting":false,"audioPlay":false,"sceneViewState":{"m_AlwaysRefresh":true,"showFog":true,"showSkybox":false,"showFlares":true,"showImageEffects":true,"showParticleSystems":true,"showVisualEffectGraphs":true,"m_FxEnabled":true},"in2DMode":false,"pivot":{"x":-0.8028194308280945,"y":1.2915217876434327,"z":-4.7220306396484379},"rotation":{"x":-0.01052065473049879,"y":0.9385902881622315,"z":-0.3436763286590576,"w":-0.028731441125273706},"size":0.8660253882408142,"orthographic":false}