{"cameraMode":{"drawMode":0,"name":"Shaded","section":"Shading Mode"},"sceneLighting":false,"audioPlay":false,"sceneViewState":{"m_AlwaysRefresh":true,"showFog":true,"showSkybox":false,"showFlares":true,"showImageEffects":true,"showParticleSystems":true,"showVisualEffectGraphs":true,"m_FxEnabled":true},"in2DMode":false,"pivot":{"x":0.000030517578125,"y":0.04998779296875,"z":1.7574081420898438},"rotation":{"x":0.052540943026542667,"y":0.5498555898666382,"z":-0.03468616306781769,"w":0.8328843712806702},"size":1.8551288843154908,"orthographic":false}