{"cameraMode":{"drawMode":0,"name":"Shaded","section":"Shading Mode"},"sceneLighting":false,"audioPlay":false,"sceneViewState":{"m_AlwaysRefresh":true,"showFog":true,"showSkybox":false,"showFlares":true,"showImageEffects":true,"showParticleSystems":true,"showVisualEffectGraphs":true,"m_FxEnabled":true},"in2DMode":false,"pivot":{"x":4.530315399169922,"y":1.9690985679626465,"z":-9.258703231811524},"rotation":{"x":0.03876305744051933,"y":0.10770837962627411,"z":-0.0042027756571769718,"w":0.9934188723564148},"size":26.00375747680664,"orthographic":false}