{"cameraMode":{"drawMode":0,"name":"Shaded","section":"Shading Mode"},"sceneLighting":false,"audioPlay":false,"sceneViewState":{"m_AlwaysRefresh":true,"showFog":true,"showSkybox":false,"showFlares":true,"showImageEffects":true,"showParticleSystems":true,"showVisualEffectGraphs":true,"m_FxEnabled":true},"in2DMode":false,"pivot":{"x":-0.0007853507995605469,"y":0.5499878525733948,"z":1.7574081420898438},"rotation":{"x":0.5402513146400452,"y":-0.018930258229374887,"z":0.012157721444964409,"w":0.8412030339241028},"size":1.169445276260376,"orthographic":false}