{"cameraMode":{"drawMode":0,"name":"Shaded","section":"Shading Mode"},"sceneLighting":false,"audioPlay":false,"sceneViewState":{"m_AlwaysRefresh":true,"showFog":true,"showSkybox":false,"showFlares":true,"showImageEffects":true,"showParticleSystems":true,"showVisualEffectGraphs":true,"m_FxEnabled":true},"in2DMode":false,"pivot":{"x":-7.6150994300842289,"y":0.028490809723734857,"z":6.667193412780762},"rotation":{"x":0.37649795413017275,"y":-0.04028015956282616,"z":0.01638801582157612,"w":0.9253962635993958},"size":6.499637126922607,"orthographic":false}