{"cameraMode":{"drawMode":0,"name":"Shaded","section":"Shading Mode"},"sceneLighting":false,"audioPlay":false,"sceneViewState":{"m_AlwaysRefresh":true,"showFog":true,"showSkybox":false,"showFlares":true,"showImageEffects":true,"showParticleSystems":true,"showVisualEffectGraphs":true,"m_FxEnabled":true},"in2DMode":false,"pivot":{"x":0.021027684211730958,"y":1.2113806009292603,"z":-6.254335880279541},"rotation":{"x":-0.038962122052907947,"y":0.9599438905715942,"z":-0.21819238364696504,"w":-0.17141342163085938},"size":2.9816856384277345,"orthographic":true}