{"cameraMode":{"drawMode":0,"name":"Shaded","section":"Shading Mode"},"sceneLighting":false,"audioPlay":false,"sceneViewState":{"m_AlwaysRefresh":true,"showFog":true,"showSkybox":false,"showFlares":true,"showImageEffects":true,"showParticleSystems":true,"showVisualEffectGraphs":true,"m_FxEnabled":true},"in2DMode":false,"pivot":{"x":3.5762786865234377e-7,"y":1.2816362380981446,"z":-0.10103285312652588},"rotation":{"x":-0.014118854887783528,"y":0.9835200309753418,"z":-0.15710560977458955,"w":-0.08846485614776612},"size":2.264256715774536,"orthographic":false}